CREATE DATABASE  IF NOT EXISTS `quiz` /*!40100 DEFAULT CHARACTER SET utf8mb4 COLLATE utf8mb4_0900_ai_ci */ /*!80016 DEFAULT ENCRYPTION='N' */;
USE `quiz`;
-- MySQL dump 10.13  Distrib 8.0.38, for Win64 (x86_64)
--
-- Host: localhost    Database: quiz
-- ------------------------------------------------------
-- Server version	9.0.1

/*!40101 SET @OLD_CHARACTER_SET_CLIENT=@@CHARACTER_SET_CLIENT */;
/*!40101 SET @OLD_CHARACTER_SET_RESULTS=@@CHARACTER_SET_RESULTS */;
/*!40101 SET @OLD_COLLATION_CONNECTION=@@COLLATION_CONNECTION */;
/*!50503 SET NAMES utf8 */;
/*!40103 SET @OLD_TIME_ZONE=@@TIME_ZONE */;
/*!40103 SET TIME_ZONE='+00:00' */;
/*!40014 SET @OLD_UNIQUE_CHECKS=@@UNIQUE_CHECKS, UNIQUE_CHECKS=0 */;
/*!40014 SET @OLD_FOREIGN_KEY_CHECKS=@@FOREIGN_KEY_CHECKS, FOREIGN_KEY_CHECKS=0 */;
/*!40101 SET @OLD_SQL_MODE=@@SQL_MODE, SQL_MODE='NO_AUTO_VALUE_ON_ZERO' */;
/*!40111 SET @OLD_SQL_NOTES=@@SQL_NOTES, SQL_NOTES=0 */;

--
-- Table structure for table `admin`
--

DROP TABLE IF EXISTS admin;
/*!40101 SET @saved_cs_client     = @@character_set_client */;
/*!50503 SET character_set_client = utf8mb4 */;
CREATE TABLE `admin` (
  id int NOT NULL AUTO_INCREMENT,
  username varchar(255) DEFAULT NULL,
  `password` varchar(255) DEFAULT NULL,
  expiresLock varchar(255) CHARACTER SET utf8mb4 COLLATE utf8mb4_general_ci DEFAULT NULL,
  wrongLogin varchar(10) CHARACTER SET utf8mb4 COLLATE utf8mb4_general_ci DEFAULT NULL,
  createdAt datetime NOT NULL,
  updatedAt datetime NOT NULL,
  PRIMARY KEY (id)
) ENGINE=InnoDB AUTO_INCREMENT=77 DEFAULT CHARSET=utf8mb4 COLLATE=utf8mb4_0900_ai_ci;
/*!40101 SET character_set_client = @saved_cs_client */;

--
-- Dumping data for table `admin`
--

LOCK TABLES admin WRITE;
/*!40000 ALTER TABLE admin DISABLE KEYS */;
INSERT INTO admin VALUES (76,'lamvinhkien','$2b$10$NiYo.kwt6keb5g9JBPQquuQ4Ei570pZn8S95n/I6Uu4KZEnUAM2f2','0','0','2024-12-09 07:35:01','2025-04-12 05:45:24');
/*!40000 ALTER TABLE admin ENABLE KEYS */;
UNLOCK TABLES;

--
-- Table structure for table `answer`
--

DROP TABLE IF EXISTS answer;
/*!40101 SET @saved_cs_client     = @@character_set_client */;
/*!50503 SET character_set_client = utf8mb4 */;
CREATE TABLE answer (
  id int NOT NULL AUTO_INCREMENT,
  correctAnswer tinyint(1) DEFAULT NULL,
  `description` longtext,
  questionId int DEFAULT NULL,
  createdAt datetime NOT NULL,
  updatedAt datetime NOT NULL,
  PRIMARY KEY (id),
  KEY fk_answer_question (questionId),
  CONSTRAINT fk_answer_question FOREIGN KEY (questionId) REFERENCES question (id) ON DELETE CASCADE
) ENGINE=InnoDB AUTO_INCREMENT=1015 DEFAULT CHARSET=utf8mb4 COLLATE=utf8mb4_0900_ai_ci;
/*!40101 SET character_set_client = @saved_cs_client */;

--
-- Dumping data for table `answer`
--

LOCK TABLES answer WRITE;
/*!40000 ALTER TABLE answer DISABLE KEYS */;
INSERT INTO answer VALUES (464,1,'Gồm xe đạp (kể cả xe đạp máy, xe đạp điện), xe xích lô, xe lăn dùng cho người khuyết tật, xe súc vật kéo và các loại xe tương tự.',161,'2024-10-16 09:14:53','2024-10-16 09:14:53'),(465,0,'Gồm xe đạp (kể cả xe đạp máy, xe đạp điện), xe gắn máy, xe cơ giới dùng cho người khuyết tật và xe máy chuyên dùng.',161,'2024-10-16 09:14:53','2024-10-16 09:14:53'),(466,0,'Gồm xe ô tô, máy kéo, rơ moóc hoặc sơ mi rơ moóc được kéo bởi xe ô tô, máy kéo.',161,'2024-10-16 09:14:53','2024-10-16 09:14:53'),(467,1,'Bị nghiêm cấm.',162,'2024-10-16 09:15:31','2024-10-16 09:15:31'),(468,0,'Không bị nghiêm cấm.',162,'2024-10-16 09:15:31','2024-10-16 09:15:31'),(469,0,'Không bị nghiêm cấm, nếu có chất ma tuý ở mức nhẹ, có thể điều khiển phương tiện tham gia giao thông.',162,'2024-10-16 09:15:31','2024-10-16 09:15:31'),(470,0,'Không được vượt.',163,'2024-10-16 09:16:21','2024-10-16 09:16:21'),(471,0,'Được vượt khi đang đi trên cầu.',163,'2024-10-16 09:16:21','2024-10-16 09:16:21'),(472,0,'Được phép vượt khi đi qua nơi giao nhau có ít phương tiện cùng tham gia giao thông.',163,'2024-10-16 09:16:21','2024-10-16 09:16:21'),(473,1,'Được vượt khi đảm bảo an toàn.',163,'2024-10-16 09:16:21','2024-10-16 09:16:21'),(474,0,'Chỉ được phép nếu cả hai đội mũ bảo hiểm.',164,'2024-10-16 09:17:09','2024-10-16 09:17:09'),(475,1,'Không được phép.',164,'2024-10-16 09:17:09','2024-10-16 09:17:09'),(476,0,'Chỉ được thực hiện trên đường thật vắng.',164,'2024-10-16 09:17:09','2024-10-16 09:17:09'),(477,0,'Chỉ được phép khi người đi xe đạp đã quá mệt.',164,'2024-10-16 09:17:09','2024-10-16 09:17:09'),(482,1,'Biển báo nguy hiểm.',165,'2024-10-16 09:18:00','2024-10-16 09:18:00'),(483,0,'Biển báo cấm.',165,'2024-10-16 09:18:00','2024-10-16 09:18:00'),(484,0,'Biển báo hiệu lệnh.',165,'2024-10-16 09:18:00','2024-10-16 09:18:00'),(485,0,'Biển báo chỉ dẫn.',165,'2024-10-16 09:18:00','2024-10-16 09:18:00'),(486,0,'Xe thô sơ phải đi trên làn đường bên trái trong cùng, xe cơ giới, xe máy chuyên dùng đi trên làn đường bên phải.',166,'2024-10-16 09:18:40','2024-10-16 09:18:40'),(487,1,'Xe thô sơ phải đi trên làn đường bên phải trong cùng; xe cơ giới, xe máy chuyên dùng đi trên làn đường bên trái',166,'2024-10-16 09:18:40','2024-10-16 09:18:40'),(488,0,'Xe thô sơ đi trên làn đường phù hợp không gây cản trở giao thông, xe cơ giới, xe máy chuyên dùng đi trên làn đường bên phải.',166,'2024-10-16 09:18:40','2024-10-16 09:18:40'),(493,1,'5 mét.',167,'2024-10-16 09:23:42','2024-10-16 09:23:42'),(494,0,'3 mét.',167,'2024-10-16 09:23:42','2024-10-16 09:23:42'),(495,0,'4 mét.',167,'2024-10-16 09:23:42','2024-10-16 09:23:42'),(496,0,'Khi cho xe chạy thẳng.',168,'2024-10-16 09:24:24','2024-10-16 09:24:24'),(497,1,'Trước khi thay đổi làn đường.',168,'2024-10-16 09:24:24','2024-10-16 09:24:24'),(498,0,'Sau khi thay đổi làn đường.',168,'2024-10-16 09:24:24','2024-10-16 09:24:24'),(499,1,'Ô tô con, ô tô tải, ô tô chở người trên 30 chỗ.',169,'2024-10-16 09:25:03','2024-10-16 09:25:03'),(500,0,'Xe gắn máy, xe máy chuyên dùng.',169,'2024-10-16 09:25:03','2024-10-16 09:25:03'),(501,0,'Cả ý 1 và ý 2.',169,'2024-10-16 09:25:03','2024-10-16 09:25:03'),(502,0,'Phải cho xe dừng lại trước vạch dừng, trường hợp đã đi quá vạch dừng hoặc đã quá gần vạch dừng nếu dừng lại thấy nguy hiểm thì được đi tiếp.',170,'2024-10-16 09:25:53','2024-10-16 09:25:53'),(503,0,'Trong trường hợp tín hiệu vàng nhấp nháy là được đi nhưng phải giảm tốc độ chú ý quan sát nhường đường cho người đi bộ qua đường',170,'2024-10-16 09:25:53','2024-10-16 09:25:53'),(504,0,'Nhanh chóng tăng tốc độ, vượt qua nút giao và chú ý đảm bảo an toàn.',170,'2024-10-16 09:25:53','2024-10-16 09:25:53'),(505,1,'Cả ý 1 và ý 2.',170,'2024-10-16 09:25:53','2024-10-16 09:25:53'),(506,0,'Bấm còi liên tục thúc giục các phương tiện phía trước nhường đường.',171,'2024-10-16 09:26:34','2024-10-16 09:26:34'),(507,0,'Đi lên vỉa hè, tận dùng mọi khoảng trống để nhanh chóng thoát khỏi nơi ùn tắc.',171,'2024-10-16 09:26:34','2024-10-16 09:26:34'),(508,0,'Lấn sang trái đường cố gắng vượt lên xe khác.',171,'2024-10-16 09:26:34','2024-10-16 09:26:34'),(509,1,'Tất cả các ý nêu trên.',171,'2024-10-16 09:26:34','2024-10-16 09:26:34'),(510,0,'Bật tín hiệu báo rẽ trước khi quay đầu, từ từ giảm tốc độ đến mức có thể dừng lại.',172,'2024-10-16 09:27:11','2024-10-16 09:27:11'),(511,0,'Chỉ quay đầu xe tại những nơi được phép quay đầu.',172,'2024-10-16 09:27:11','2024-10-16 09:27:11'),(512,0,'Quan sát an toàn các phương tiện tới từ phía trước, phía sau, hai bên đồng thời nhường đường cho xe từ bên phải và phía trước đi tới.',172,'2024-10-16 09:27:11','2024-10-16 09:27:11'),(513,1,'Tất cả các ý nêu trên.',172,'2024-10-16 09:27:11','2024-10-16 09:27:11'),(514,0,'Biển 1.',173,'2024-10-16 09:28:08','2024-10-16 09:28:08'),(515,1,'Biển 2.',173,'2024-10-16 09:28:08','2024-10-16 09:28:08'),(516,0,'Không biển nào.',173,'2024-10-16 09:28:08','2024-10-16 09:28:08'),(517,0,'Cả 2 biển.',173,'2024-10-16 09:28:08','2024-10-16 09:28:08'),(518,0,'Biển 1.',174,'2024-10-16 09:28:49','2024-10-16 09:28:49'),(519,1,'Biển 2.',174,'2024-10-16 09:28:49','2024-10-16 09:28:49'),(520,0,'Cả ba biển.',174,'2024-10-16 09:28:49','2024-10-16 09:28:49'),(521,0,'Biển 1 và 2.',175,'2024-10-16 09:29:36','2024-10-16 09:29:36'),(522,1,'Biển 1 và 3.',175,'2024-10-16 09:29:36','2024-10-16 09:29:36'),(523,0,'Biển 2 và 3.',175,'2024-10-16 09:29:36','2024-10-16 09:29:36'),(524,0,'Biển 1 và 2.',176,'2024-10-16 09:30:33','2024-10-16 09:30:33'),(525,1,'Biển 1 và 3.',176,'2024-10-16 09:30:33','2024-10-16 09:30:33'),(526,0,'Biển 2 và 3.',176,'2024-10-16 09:30:33','2024-10-16 09:30:33'),(527,0,'Cả ba biển.',176,'2024-10-16 09:30:33','2024-10-16 09:30:33'),(528,0,'Biển 1.',177,'2024-10-16 09:31:35','2024-10-16 09:31:35'),(529,0,'Biển 1 và 3.',177,'2024-10-16 09:31:35','2024-10-16 09:31:35'),(530,1,'Biển 2 và 3.',177,'2024-10-16 09:31:35','2024-10-16 09:31:35'),(531,0,'Cả ba biển.',177,'2024-10-16 09:31:35','2024-10-16 09:31:35'),(532,0,'Biển 1.',178,'2024-10-16 09:32:14','2024-10-16 09:32:14'),(533,1,'Biển 2.',178,'2024-10-16 09:32:14','2024-10-16 09:32:14'),(534,0,'Biển 1.',179,'2024-10-16 09:32:57','2024-10-16 09:32:57'),(535,0,'Biển 2.',179,'2024-10-16 09:32:57','2024-10-16 09:32:57'),(536,1,'Biển 3.',179,'2024-10-16 09:32:57','2024-10-16 09:32:57'),(537,0,'Cả ba biển.',179,'2024-10-16 09:32:57','2024-10-16 09:32:57'),(538,0,'Vạch 1.',180,'2024-10-16 09:33:55','2024-10-16 09:33:55'),(539,0,'Vạch 2.',180,'2024-10-16 09:33:55','2024-10-16 09:33:55'),(540,0,'Vạch 3.',180,'2024-10-16 09:33:55','2024-10-16 09:33:55'),(541,1,'Vạch 1 và 2.',180,'2024-10-16 09:33:55','2024-10-16 09:33:55'),(542,0,'Mô tô.',181,'2024-10-16 09:34:36','2024-10-16 09:34:36'),(543,1,'Xe con.',181,'2024-10-16 09:34:36','2024-10-16 09:34:36'),(544,0,'Chỉ mô tô.',182,'2024-10-16 09:35:29','2024-10-16 09:35:29'),(545,0,'Chỉ xe tải.',182,'2024-10-16 09:35:29','2024-10-16 09:35:29'),(546,1,'Cả ba xe.',182,'2024-10-16 09:35:29','2024-10-16 09:35:29'),(547,0,'Chỉ mô tô và xe tải.',182,'2024-10-16 09:35:29','2024-10-16 09:35:29'),(548,0,'Chỉ xe khách, mô tô.',183,'2024-10-16 09:36:13','2024-10-16 09:36:13'),(549,1,'Tất cả các loại xe trên.',183,'2024-10-16 09:36:13','2024-10-16 09:36:13'),(550,0,'Không xe nào chấp hành đúng quy tắc giao thông',183,'2024-10-16 09:36:13','2024-10-16 09:36:13'),(551,0,'Xe tải, xe con.',184,'2024-10-16 09:36:57','2024-10-16 09:36:57'),(552,0,'Xe khách, xe con.',184,'2024-10-16 09:36:57','2024-10-16 09:36:57'),(553,1,'Xe khách, xe tải.',184,'2024-10-16 09:36:57','2024-10-16 09:36:57'),(554,0,'Vượt về phía bên phải để đi tiếp.',185,'2024-10-16 09:37:40','2024-10-16 09:37:40'),(555,1,'Giảm tốc độ chờ xe container rẽ xong rồi tiếp tục đi.',185,'2024-10-16 09:37:40','2024-10-16 09:37:40'),(556,0,'Vượt về phía bên trái để đi tiếp.',185,'2024-10-16 09:37:40','2024-10-16 09:37:40'),(557,0,'Không nghiêm cấm.',186,'2024-10-16 09:47:04','2024-10-16 09:47:04'),(558,1,'Bị nghiêm cấm.',186,'2024-10-16 09:47:04','2024-10-16 09:47:04'),(559,0,'Bị nghiêm cấm tuỳ theo các tuyến đường.',186,'2024-10-16 09:47:04','2024-10-16 09:47:04'),(560,0,'Bị nghiêm cấm tuỳ theo loại xe.',186,'2024-10-16 09:47:04','2024-10-16 09:47:04'),(564,0,'Xe mô tô 2 bánh có dung tích xi-lanh từ 50 cm3 trở lên.',188,'2024-10-16 09:48:34','2024-10-16 09:48:34'),(565,1,'Xe gắn máy có dung tích xi-lanh dưới 50 cm3.',188,'2024-10-16 09:48:34','2024-10-16 09:48:34'),(566,0,'Xe ô tô tải dưới 3,5 tấn; xe chở người đến 9 chỗ ngồi.',188,'2024-10-16 09:48:34','2024-10-16 09:48:34'),(567,0,'Tất cả các ý nêu trên.',188,'2024-10-16 09:48:34','2024-10-16 09:48:34'),(568,0,'Phải báo hiệu bằng đèn hoặc còi.',189,'2024-10-16 09:49:24','2024-10-16 09:49:24'),(569,0,'Chỉ được báo hiệu bằng còi.',189,'2024-10-16 09:49:24','2024-10-16 09:49:24'),(570,0,'Xe Phải báo hiệu bằng cả còi và đèn.',189,'2024-10-16 09:49:24','2024-10-16 09:49:24'),(571,1,'Chỉ được báo hiệu bằng đèn.',189,'2024-10-16 09:49:24','2024-10-16 09:49:24'),(572,1,'Đi vào phần đường dành cho người đi bộ và phương tiện khác; sử dụng ô, điện thoại di động, thiết bị âm thanh (trừ thiết bị trợ thính), đi xe dàn hàng ngang.',190,'2024-10-16 09:50:43','2024-10-16 09:50:43'),(573,0,'Chở 02 người; trong đó, có người bệnh đi cấp cứu hoặc trẻ em dưới 14 tuổi hoặc áp giải người có hành vi vi phạm pháp luật.',190,'2024-10-16 09:50:43','2024-10-16 09:50:43'),(574,0,'Điều khiển phương tiện tham gia giao thông trên đường tỉnh lộ hoặc quốc lộ.',190,'2024-10-16 09:50:43','2024-10-16 09:50:43'),(575,1,'Ô tô buýt; ô tô đầu kéo kéo sơ mi rơ moóc; xe mô tô; ô tô chuyên dùng (trừ ô tô trộn vữa, ô tô trộn bê tông).',191,'2024-10-16 09:53:09','2024-10-16 09:53:09'),(576,0,'Ô tô kéo rơ moóc, ô tô kéo xe khác, xe gắn máy.',191,'2024-10-16 09:53:09','2024-10-16 09:53:09'),(577,0,'Ô tô chở người trên 30 chỗ (trừ ô tô buýt), ô tô tải có trọng tải trên 3,5 tấn.',191,'2024-10-16 09:53:09','2024-10-16 09:53:09'),(578,0,'Xe ô tô con, xe ô tô chở người đến 30 chỗ (trừ ô tô buýt), ô tô tải có trọng tải đến 3,5 tấn.',191,'2024-10-16 09:53:09','2024-10-16 09:53:09'),(579,0,'Tăng tốc độ qua đường giao nhau để đi trước xe đi trên đường ưu tiên.',192,'2024-10-16 09:53:50','2024-10-16 09:53:50'),(580,0,'Giảm tốc độ qua đường giao nhau để đi trước xe đi trên đường ưu tiên.',192,'2024-10-16 09:53:50','2024-10-16 09:53:50'),(581,1,'Nhường đường cho xe đi trên đường ưu tiên từ bất kỳ hướng nào tới.',192,'2024-10-16 09:53:50','2024-10-16 09:53:50'),(582,0,'Là sự hiểu biết và chấp hành nghiêm chỉnh pháp luật về giao thông; là ý thức trách nhiệm với cộng đồng khi tham gia giao thông.',193,'2024-10-16 09:54:20','2024-10-16 09:54:20'),(583,0,'Là ứng xử có văn hóa, có tình yêu thương con người trong các tình huống không may xảy ra khi tham gia giao thông.',193,'2024-10-16 09:54:20','2024-10-16 09:54:20'),(584,1,'Cả ý 1 và ý 2.',193,'2024-10-16 09:54:20','2024-10-16 09:54:20'),(585,1,'Quan sát biển báo hiệu để biết nơi được phép quay đầu; quan sát kỹ địa hình nơi chọn để quay đầu; lựa chọn quỹ đạo quay đầu xe cho thích hợp; quay đầu xe với tốc độ thấp; thường xuyên báo tín hiệu để người, các phương tiện xung quanh được biết; nếu quay đầu xe ở nơi nguy hiểm thì đưa đầu xe về phía nguy hiểm đưa đuôi xe về phía an toàn.',194,'2024-10-16 09:56:46','2024-10-16 09:56:46'),(586,0,'Quan sát biển báo hiệu để biết nơi được phép quay đầu; quan sát kỹ địa hình nơi chọn để quay đầu; lựa chọn quỹ đạo quay đầu xe; quay đầu xe với tốc độ tối đa; thường xuyên báo tín hiệu để người, các phương tiện xung quanh được biết; nếu quay đầu xe ở nơi nguy hiểm thì đưa đuôi xe về phía nguy hiểm và đầu xe về phía an toàn.',194,'2024-10-16 09:56:46','2024-10-16 09:56:46'),(587,0,'Không bắt buộc.',195,'2024-10-16 09:57:37','2024-10-16 09:57:37'),(588,1,'Bắt buộc.',195,'2024-10-16 09:57:37','2024-10-16 09:57:37'),(589,0,'Tùy từng trường hợp.',195,'2024-10-16 09:57:37','2024-10-16 09:57:37'),(590,0,'Biển 1.',196,'2024-10-16 09:58:38','2024-10-16 09:58:38'),(591,1,'Biển 2.',196,'2024-10-16 09:58:38','2024-10-16 09:58:38'),(592,0,'Không biển nào.',196,'2024-10-16 09:58:38','2024-10-16 09:58:38'),(593,0,'Cả hai biển.',196,'2024-10-16 09:58:38','2024-10-16 09:58:38'),(594,0,'Biển 1.',197,'2024-10-16 09:59:11','2024-10-16 09:59:11'),(595,0,'Biển 2.',197,'2024-10-16 09:59:11','2024-10-16 09:59:11'),(596,1,'Biển 3.',197,'2024-10-16 09:59:11','2024-10-16 09:59:11'),(597,0,'Biển 1 và 2.',198,'2024-10-16 09:59:51','2024-10-16 09:59:51'),(598,1,'Biển 1 và 3.',198,'2024-10-16 09:59:51','2024-10-16 09:59:51'),(599,0,'Biển 2 và 3.',198,'2024-10-16 09:59:51','2024-10-16 09:59:51'),(600,1,'Biển 1.',199,'2024-10-16 10:00:32','2024-10-16 10:00:32'),(601,0,'Biển 2.',199,'2024-10-16 10:00:32','2024-10-16 10:00:32'),(602,0,'Biển 3.',199,'2024-10-16 10:00:32','2024-10-16 10:00:32'),(603,0,'Biển 1 và 3.',199,'2024-10-16 10:00:32','2024-10-16 10:00:32'),(604,0,'Biển 1 và 2.',200,'2024-10-16 10:01:17','2024-10-16 10:01:17'),(605,0,'Biển 1 và 3.',200,'2024-10-16 10:01:17','2024-10-16 10:01:17'),(606,1,'Biển 2 và 3.',200,'2024-10-16 10:01:17','2024-10-16 10:01:17'),(607,0,'Cả ba biển.',200,'2024-10-16 10:01:17','2024-10-16 10:01:17'),(608,1,'Biển 1.',201,'2024-10-16 10:01:56','2024-10-16 10:01:56'),(609,0,'Biển 2.',201,'2024-10-16 10:01:56','2024-10-16 10:01:56'),(610,0,'Biển 3.',201,'2024-10-16 10:01:56','2024-10-16 10:01:56'),(611,0,'Để báo trước gần tới đoạn đường có hiện tượng đất đá từ trên ta luy dương sụt lở bất ngờ gây nguy hiểm cho xe cộ và người đi đường.',202,'2024-10-16 10:02:38','2024-10-16 10:02:38'),(612,0,'Để báo trước nơi có kết cấu mặt đường rời rạc, khi phương tiện đi qua, làm cho các viên đá, sỏi băng lên gây nguy hiểm và mất an toàn cho người và phương tiện tham gia giao thông.',202,'2024-10-16 10:02:38','2024-10-16 10:02:38'),(613,1,'Để cảnh báo những đoạn nền đường yếu, đoạn đường đang theo dõi lún mà việc vận hành xe ở tốc độ cao có thể gây nguy hiểm.',202,'2024-10-16 10:02:38','2024-10-16 10:02:38'),(614,0,'Biển 1.',203,'2024-10-16 10:03:18','2024-10-16 10:03:18'),(615,1,'Biển 2.',203,'2024-10-16 10:03:18','2024-10-16 10:03:18'),(616,0,'Biển 3.',203,'2024-10-16 10:03:18','2024-10-16 10:03:18'),(617,0,'Cả ba biển.',203,'2024-10-16 10:03:18','2024-10-16 10:03:18'),(618,0,'Biển 2 và 3.',204,'2024-10-16 10:04:04','2024-10-16 10:04:04'),(619,0,'Biển 1 và 2.',204,'2024-10-16 10:04:04','2024-10-16 10:04:04'),(620,1,'Biển 1 và 3.',204,'2024-10-16 10:04:04','2024-10-16 10:04:04'),(621,0,'Cả ba biển.',204,'2024-10-16 10:04:04','2024-10-16 10:04:04'),(622,0,'Vạch 1.',205,'2024-10-16 10:04:47','2024-10-16 10:04:47'),(623,1,'Vạch 2.',205,'2024-10-16 10:04:47','2024-10-16 10:04:47'),(624,0,'Vạch 3.',205,'2024-10-16 10:04:47','2024-10-16 10:04:47'),(625,0,'Cả ba vạch.',205,'2024-10-16 10:04:47','2024-10-16 10:04:47'),(626,0,'Xe công an.',206,'2024-10-16 10:05:29','2024-10-16 10:05:29'),(627,1,'Xe quân sự.',206,'2024-10-16 10:05:29','2024-10-16 10:05:29'),(628,0,'Các xe ở phía tay phải và tay trái của người điều khiển được phép đi thẳng.',207,'2024-10-16 10:06:11','2024-10-16 10:06:11'),(629,0,'Cho phép các xe ở mọi hướng được rẽ phải.',207,'2024-10-16 10:06:11','2024-10-16 10:06:11'),(630,1,'Tất cả các xe phải dừng lại trước ngã tư, trừ những xe đã ở trong ngã tư được phép tiếp tục đi.',207,'2024-10-16 10:06:11','2024-10-16 10:06:11'),(631,0,'Xe con (B), mô tô (C).',208,'2024-10-16 10:06:55','2024-10-16 10:06:55'),(632,0,'Xe con (A), mô tô (C).',208,'2024-10-16 10:06:55','2024-10-16 10:06:55'),(633,1,'Xe con (E), mô tô (D).',208,'2024-10-16 10:06:55','2024-10-16 10:06:55'),(634,0,'Tất cả các loại xe trên.',208,'2024-10-16 10:06:55','2024-10-16 10:06:55'),(635,0,'Chuyển sang làn đường bên phải và rẽ phải.',209,'2024-10-16 10:07:44','2024-10-16 10:07:44'),(636,0,'Dừng lại trước vạch dừng và rẽ phải khi đèn xanh.',209,'2024-10-16 10:07:44','2024-10-16 10:07:44'),(637,1,'Dừng lại trước vạch dừng và đi thẳng hoặc rẽ trái khi đèn xanh.',209,'2024-10-16 10:07:44','2024-10-16 10:07:44'),(638,0,'Dừng lại trước vạch dừng và rẽ trái khi đèn xanh.',209,'2024-10-16 10:07:44','2024-10-16 10:07:44'),(639,0,'Đúng.',210,'2024-10-16 10:08:12','2024-10-16 10:08:12'),(640,1,'Sai.',210,'2024-10-16 10:08:12','2024-10-16 10:08:12'),(644,1,'Trên cầu hẹp có một làn xe. Nơi đường giao nhau, đường bộ giao nhau cùng mức với đường sắt; xe được quyền ưu tiên đang phát tín hiệu ưu tiên đi làm nhiệm vụ.',187,'2024-12-06 04:51:12','2024-12-06 04:51:12'),(645,0,'Trên cầu có từ 02 làn xe trở lên; nơi đường bộ giao nhau không cùng mức với đường sắt; xe được quyền ưu tiên đang đi phía trước nhưng không phát tín hiệu ưu tiên.',187,'2024-12-06 04:51:12','2024-12-06 04:51:12'),(646,0,'Trên đường có 2 làn đường được phân chia làn bằng vạch kẻ nét đứt.',187,'2024-12-06 04:51:12','2024-12-06 04:51:12'),(777,0,'Phần mặt đường và lề đường.',232,'2024-12-16 08:39:11','2024-12-16 08:39:11'),(778,1,'Phần đường xe chạy.',232,'2024-12-16 08:39:11','2024-12-16 08:39:11'),(779,0,'Phần đường xe cơ giới.',232,'2024-12-16 08:39:11','2024-12-16 08:39:11'),(793,0,'Phương tiện giao thông cơ giới đường bộ.',233,'2024-12-16 08:41:09','2024-12-16 08:41:09'),(794,0,'Phương tiện giao thông thô sơ đường bộ và xe máy chuyên dùng.',233,'2024-12-16 08:41:09','2024-12-16 08:41:09'),(795,1,'Cả ý 1 và ý 2.',233,'2024-12-16 08:41:09','2024-12-16 08:41:09'),(796,0,'Chỉ bị nhắc nhở.',234,'2024-12-16 08:41:12','2024-12-16 08:41:12'),(797,1,'Bị xử phạt hành chính hoặc có thể bị xử lý hình sự tùy theo mức độ vi phạm.',234,'2024-12-16 08:41:12','2024-12-16 08:41:12'),(798,0,'Không bị xử lý hình sự.',234,'2024-12-16 08:41:12','2024-12-16 08:41:12'),(799,1,'Không được vượt.',235,'2024-12-16 08:41:16','2024-12-16 08:41:16'),(800,0,'Được vượt khi đang đi trên cầu.',235,'2024-12-16 08:41:16','2024-12-16 08:41:16'),(801,0,'Được phép vượt khi đi qua nơi giao nhau có ít phương tiện cùng tham gia giao thông.',235,'2024-12-16 08:41:16','2024-12-16 08:41:16'),(802,0,'Được vượt khi đảm bảo an toàn.',235,'2024-12-16 08:41:16','2024-12-16 08:41:16'),(806,0,'Chỉ được kéo nếu đã nhìn thấy trạm xăng.',236,'2024-12-16 08:41:50','2024-12-16 08:41:50'),(807,0,'Chỉ được thực hiện trên đường vắng phương tiện cùng tham gia giao thông.',236,'2024-12-16 08:41:50','2024-12-16 08:41:50'),(808,1,'Không được phép.',236,'2024-12-16 08:41:50','2024-12-16 08:41:50'),(809,0,'Biển báo nguy hiểm.',237,'2024-12-16 08:42:34','2024-12-16 08:42:34'),(810,0,'Biển báo cấm.',237,'2024-12-16 08:42:34','2024-12-16 08:42:34'),(811,1,'Biển báo hiệu lệnh phải thi hành.',237,'2024-12-16 08:42:34','2024-12-16 08:42:34'),(812,0,'Biển báo chỉ dẫn.',237,'2024-12-16 08:42:34','2024-12-16 08:42:34'),(813,0,'Phải báo hiệu bằng đèn hoặc còi.',238,'2024-12-16 08:43:08','2024-12-16 08:43:08'),(814,0,'Chỉ được báo hiệu bằng còi.',238,'2024-12-16 08:43:08','2024-12-16 08:43:08'),(815,0,'Phải báo hiệu bằng cả còi và đèn.',238,'2024-12-16 08:43:08','2024-12-16 08:43:08'),(816,1,'Chỉ được báo hiệu bằng đèn.',238,'2024-12-16 08:43:08','2024-12-16 08:43:08'),(817,1,'Xe cơ giới, xe máy chuyên dùng phải bật đèn; xe thô sơ phải bật đèn hoặc có vật phát sáng báo hiệu; chỉ được dừng xe, đỗ xe ở nơi quy định.',239,'2024-12-16 08:43:28','2024-12-16 08:43:28'),(818,0,'Xe cơ giới phải bật đèn ngay cả khi đường hầm sáng; phải cho xe chạy trên một làn đường và chỉ chuyển làn ở nơi được phép; được quay đầu xe, lùi xe khi cần thiết.',239,'2024-12-16 08:43:28','2024-12-16 08:43:28'),(819,0,'Xe máy chuyên dùng phải bật đèn ngay cả khi đường hầm sáng; phải cho xe chạy trên một làn đường và chỉ chuyển làn ở nơi được phép; được quay đầu xe, lùi xe khi cần thiết.',239,'2024-12-16 08:43:28','2024-12-16 08:43:28'),(820,0,'Xe bị vượt bất ngờ tăng tốc độ và cố tình không nhường đường.',240,'2024-12-16 08:43:52','2024-12-16 08:43:52'),(821,0,'Xe bị vượt giảm tốc độ và nhường đường.',240,'2024-12-16 08:43:52','2024-12-16 08:43:52'),(822,0,'Phát hiện có xe đi ngược chiều.',240,'2024-12-16 08:43:52','2024-12-16 08:43:52'),(823,1,'Cả ý 1 và ý 3.',240,'2024-12-16 08:43:52','2024-12-16 08:43:52'),(824,0,'Chủ động giữ khoảng cách an toàn phù hợp với xe chạy liền trước xe của mình.',241,'2024-12-16 08:44:32','2024-12-16 08:44:32'),(825,0,'Đảm bảo khoảng cách an toàn theo mật độ phương tiện, tình hình giao thông thực tế.',241,'2024-12-16 08:44:32','2024-12-16 08:44:32'),(826,1,'Cả ý 1 và ý 2.',241,'2024-12-16 08:44:32','2024-12-16 08:44:32'),(827,0,'Ra tín hiệu bằng tay rồi cho xe vượt qua.',242,'2024-12-16 08:44:51','2024-12-16 08:44:51'),(828,0,'Tăng ga mạnh để gây sự chú ý rồi cho xe vượt qua.',242,'2024-12-16 08:44:51','2024-12-16 08:44:51'),(829,1,'Bạn phải có tín hiệu bằng đèn hoặc còi.',242,'2024-12-16 08:44:51','2024-12-16 08:44:51'),(830,1,'Giữ tay ga ở mức độ phù hợp, sử dụng phanh trước và phanh sau để giảm tốc độ.',243,'2024-12-16 08:45:24','2024-12-16 08:45:24'),(831,0,'Nhả hết tay ga, tắt động cơ, sử dụng phanh trước và phanh sau để giảm tốc độ.',243,'2024-12-16 08:45:24','2024-12-16 08:45:24'),(832,0,'Sử dụng phanh trước để giảm tốc độ kết hợp với tắt chìa khóa điện của xe.',243,'2024-12-16 08:45:24','2024-12-16 08:45:24'),(833,0,'Để điều khiển xe chạy về phía trước.',244,'2024-12-16 08:45:55','2024-12-16 08:45:55'),(834,0,'Để điều tiết công suất động cơ qua đó điều khiển tốc độ của xe.',244,'2024-12-16 08:45:55','2024-12-16 08:45:55'),(835,0,'Để điều khiển xe chạy lùi.',244,'2024-12-16 08:45:55','2024-12-16 08:45:55'),(836,1,'Cả ý 1 và ý 2.',244,'2024-12-16 08:45:55','2024-12-16 08:45:55'),(837,1,'Biển 1.',245,'2024-12-16 08:46:21','2024-12-16 08:46:21'),(838,0,'Biển 2.',245,'2024-12-16 08:46:21','2024-12-16 08:46:21'),(839,0,'Cả hai biển.',245,'2024-12-16 08:46:21','2024-12-16 08:46:21'),(840,0,'Biển 1.',246,'2024-12-16 08:46:49','2024-12-16 08:46:49'),(841,0,'Biển 2.',246,'2024-12-16 08:46:49','2024-12-16 08:46:49'),(842,1,'Biển 1 và 2.',246,'2024-12-16 08:46:49','2024-12-16 08:46:49'),(843,0,'Biển 1.',247,'2024-12-16 08:47:18','2024-12-16 08:47:18'),(844,1,'Biển 2.',247,'2024-12-16 08:47:18','2024-12-16 08:47:18'),(845,0,'Biển 3.',247,'2024-12-16 08:47:18','2024-12-16 08:47:18'),(846,0,'Biển 1 và 2.',248,'2024-12-16 08:47:50','2024-12-16 08:47:50'),(847,1,'Biển 1 và 3.',248,'2024-12-16 08:47:50','2024-12-16 08:47:50'),(848,0,'Biển 2 và 3.',248,'2024-12-16 08:47:50','2024-12-16 08:47:50'),(849,0,'Cả ba biển.',248,'2024-12-16 08:47:50','2024-12-16 08:47:50'),(850,1,'Biển 1.',249,'2024-12-16 08:48:11','2024-12-16 08:48:11'),(851,0,'Biển 2.',249,'2024-12-16 08:48:11','2024-12-16 08:48:11'),(852,0,'Biển 3.',249,'2024-12-16 08:48:11','2024-12-16 08:48:11'),(853,0,'Biển 1.',250,'2024-12-16 08:48:39','2024-12-16 08:48:39'),(854,1,'Biển 2.',250,'2024-12-16 08:48:39','2024-12-16 08:48:39'),(855,0,'Biển 3.',250,'2024-12-16 08:48:39','2024-12-16 08:48:39'),(856,0,'Biển 1.',251,'2024-12-16 08:49:04','2024-12-16 08:49:04'),(857,0,'Biển 2.',251,'2024-12-16 08:49:04','2024-12-16 08:49:04'),(858,0,'Biển 3.',251,'2024-12-16 08:49:04','2024-12-16 08:49:04'),(859,1,'Biển 2 và 3.',251,'2024-12-16 08:49:04','2024-12-16 08:49:04'),(860,0,'Vạch 1.',252,'2024-12-16 08:49:35','2024-12-16 08:49:35'),(861,1,'Vạch 2.',252,'2024-12-16 08:49:35','2024-12-16 08:49:35'),(862,0,'Vạch 3.',252,'2024-12-16 08:49:35','2024-12-16 08:49:35'),(863,0,'Cả 3 vạch.',252,'2024-12-16 08:49:35','2024-12-16 08:49:35'),(864,0,'Mô tô.',253,'2024-12-16 08:50:02','2024-12-16 08:50:02'),(865,1,'Xe cứu thương.',253,'2024-12-16 08:50:02','2024-12-16 08:50:02'),(866,0,'Đúng.',254,'2024-12-16 08:50:24','2024-12-16 08:50:24'),(867,1,'Không đúng.',254,'2024-12-16 08:50:24','2024-12-16 08:50:24'),(868,0,'Cả ba hướng.',255,'2024-12-16 08:51:43','2024-12-16 08:51:43'),(869,0,'Hướng 1 và 2.',255,'2024-12-16 08:51:43','2024-12-16 08:51:43'),(870,1,'Hướng 1 và 3.',255,'2024-12-16 08:51:43','2024-12-16 08:51:43'),(871,0,'Hướng 2 và 3.',255,'2024-12-16 08:51:43','2024-12-16 08:51:43'),(872,0,'Xe con, xe tải, xe khách.',256,'2024-12-16 08:52:06','2024-12-16 08:52:06'),(873,1,'Xe tải, xe khách, xe mô tô.',256,'2024-12-16 08:52:06','2024-12-16 08:52:06'),(874,0,'Xe khách, xe mô tô, xe con.',256,'2024-12-16 08:52:06','2024-12-16 08:52:06'),(880,0,'Phần mặt đường và lề đường.',259,'2025-03-10 04:15:48','2025-03-10 04:15:48'),(881,1,'Phần đường xe chạy.',259,'2025-03-10 04:15:48','2025-03-10 04:15:48'),(882,0,'Phần đường xe cơ giới.',259,'2025-03-10 04:15:48','2025-03-10 04:15:48'),(886,0,'Được phép.',261,'2025-03-10 04:16:51','2025-03-10 04:16:51'),(887,1,'Không được phép.',261,'2025-03-10 04:16:51','2025-03-10 04:16:51'),(888,0,'Tùy từng trường hợp.',261,'2025-03-10 04:16:51','2025-03-10 04:16:51'),(889,0,'16 tuổi.',262,'2025-03-10 04:17:24','2025-03-10 04:17:24'),(890,1,'18 tuổi.',262,'2025-03-10 04:17:24','2025-03-10 04:17:24'),(891,0,'17 tuổi.',262,'2025-03-10 04:17:24','2025-03-10 04:17:24'),(896,1,'Không được quay đầu xe.',264,'2025-03-10 04:18:40','2025-03-10 04:18:40'),(897,0,'Lợi dụng chỗ rộng và phải có người làm tín hiệu sau xe để bảo đảm an toàn.',264,'2025-03-10 04:18:40','2025-03-10 04:18:40'),(898,0,'Lợi dụng chỗ rộng có thể quay đầu được để quay đầu xe cho an toàn.',264,'2025-03-10 04:18:40','2025-03-10 04:18:40'),(899,1,'Khi tham gia giao thông đường bộ.',265,'2025-03-10 04:19:06','2025-03-10 04:19:06'),(900,0,'Chỉ khi đi trên đường chuyên dùng; đường cao tốc.',265,'2025-03-10 04:19:06','2025-03-10 04:19:06'),(901,0,'Khi tham gia giao thông trên đường tỉnh lộ hoặc quốc lộ.',265,'2025-03-10 04:19:06','2025-03-10 04:19:06'),(902,1,'Ô tô con, ô tô tải, ô tô chở người trên 30 chỗ.',266,'2025-03-10 04:19:26','2025-03-10 04:19:26'),(903,0,'Xe gắn máy, xe máy chuyên dùng.',266,'2025-03-10 04:19:26','2025-03-10 04:19:26'),(904,0,'Cả ý 1 và ý 2.',266,'2025-03-10 04:19:26','2025-03-10 04:19:26'),(905,1,'Không được phép.',267,'2025-03-10 04:19:46','2025-03-10 04:19:46'),(906,0,'Được phép nhưng phải đảm bảo an toàn.',267,'2025-03-10 04:19:46','2025-03-10 04:19:46'),(907,0,'Được phép tùy từng hoàn cảnh và điều kiện cụ thể.',267,'2025-03-10 04:19:46','2025-03-10 04:19:46'),(912,1,'Nhận và kiểm tra hàng hóa nhận được theo giấy vận chuyển hoặc chứng từ tương đương khác; yêu cầu người kinh doanh vận tải thanh toán chi phí phát sinh do giao hàng hóa chậm.',269,'2025-03-10 04:20:46','2025-03-10 04:20:46'),(913,0,'Yêu cầu hoặc thông báo cho người thuê vận tải để yêu cầu người lái xe bồi thường thiệt hại do mất mát, hư hỏng hàng hóa; nhận hàng hóa không theo giấy vận chuyển hoặc chứng từ tương đương khác.',269,'2025-03-10 04:20:46','2025-03-10 04:20:46'),(914,0,'Cả ý 1 và ý 2.',269,'2025-03-10 04:20:46','2025-03-10 04:20:46'),(915,0,'Là bình thường.',270,'2025-03-10 04:21:07','2025-03-10 04:21:07'),(916,1,'Là thiếu văn hóa giao thông.',270,'2025-03-10 04:21:07','2025-03-10 04:21:07'),(917,0,'Là có văn hóa giao thông.',270,'2025-03-10 04:21:07','2025-03-10 04:21:07'),(918,0,'Kiểm tra an toàn xung quanh xe ô tô; nhả từ từ đến 1/2 hành trình bàn đạp ly hợp (côn) và giữ trong khoảng 3 giây; vào số 1; nhả hết phanh tay, báo hiệu bằng còi, đèn trước khi xuất phát; tăng ga đủ để xuất phát, sau đó vừa tăng ga vừa nhả hết ly hợp để cho xe ô tô chuyển động.',271,'2025-03-10 04:21:26','2025-03-10 04:21:26'),(919,1,'Kiểm tra an toàn xung quanh xe ô tô; đạp ly hợp (côn) hết hành trình; vào số 1; nhả hết phanh tay, báo hiệu bằng còi, đèn trước khi xuất phát; tăng ga đủ để xuất phát; nhả từ từ đến 1/2 hành trình bàn đạp ly hợp và giữ trong khoảng 3 giây, sau đó vừa tăng ga vừa nhả hết ly hợp (côn) để cho xe ô tô chuyển động.',271,'2025-03-10 04:21:26','2025-03-10 04:21:26'),(923,1,'Giảm tốc độ, tăng cường quan sát, không nên phanh gấp, không nên tăng ga hay đánh vô lăng đột ngột, bật đèn pha gần, mở chế độ gạt nước ở chế độ phù hợp để đảm bảo quan sát.',273,'2025-03-10 04:22:28','2025-03-10 04:22:28'),(924,0,'Phanh gấp khi xe đi vào vũng nước và tăng ga ngay sau khi ra khỏi vũng nước.',273,'2025-03-10 04:22:28','2025-03-10 04:22:28'),(925,0,'Bật đèn chiếu xa, tăng tốc độ điều khiển ô tô qua khỏi khu vực mưa.',273,'2025-03-10 04:22:28','2025-03-10 04:22:28'),(926,0,'Kính chắn gió, kính cửa phải là loại kính an toàn, bảo đảm tầm nhìn cho người điều khiển; có đủ hệ thống hãm và hệ thống chuyển hướng có hiệu lực, tay lái của xe ô tô ở bên trái của xe, có còi với âm lượng đúng quy chuẩn kỹ thuật.',274,'2025-03-10 04:22:50','2025-03-10 04:22:50'),(927,0,'Có đủ đèn chiếu sáng gần và xa, đèn soi biển số, đèn báo hãm, đèn tín hiệu; có đủ bộ phận giảm thanh, giảm khói, các kết cấu phải đủ độ bền và bảo đảm tính năng vận hành ổn định.',274,'2025-03-10 04:22:50','2025-03-10 04:22:50'),(928,1,'Cả ý 1 và ý 2.',274,'2025-03-10 04:22:50','2025-03-10 04:22:50'),(929,0,'Dùng để thay đổi mô men từ động cơ tới các bánh xe chủ động khi xe ô tô chuyển động theo hướng xác định.',275,'2025-03-10 04:23:10','2025-03-10 04:23:10'),(930,0,'Dùng để thay đổi mô men giữa các trục vuông góc nhau khi xe ô tô chuyển động theo hướng xác định.',275,'2025-03-10 04:23:10','2025-03-10 04:23:10'),(931,1,'Dùng để thay đổi hướng chuyển động hoặc giữ cho xe ô tô chuyển động ổn định theo hướng xác định.',275,'2025-03-10 04:23:10','2025-03-10 04:23:10'),(932,0,'Diễn ra trên đường phố không có người qua lại.',260,'2025-03-10 04:30:11','2025-03-10 04:30:11'),(933,0,'Được người dân ủng hộ.',260,'2025-03-10 04:30:11','2025-03-10 04:30:11'),(934,1,'Được cơ quan có thẩm quyền cấp phép.',260,'2025-03-10 04:30:11','2025-03-10 04:30:11'),(935,1,'Biển báo nguy hiểm.',263,'2025-03-10 04:30:20','2025-03-10 04:30:20'),(936,0,'Biển báo cấm.',263,'2025-03-10 04:30:20','2025-03-10 04:30:20'),(937,0,'Biển báo hiệu lệnh.',263,'2025-03-10 04:30:20','2025-03-10 04:30:20'),(938,0,'Biển báo chỉ dẫn.',263,'2025-03-10 04:30:20','2025-03-10 04:30:20'),(939,1,'Phanh tay đang hãm hoặc thiếu dầu phanh.',272,'2025-03-10 04:30:27','2025-03-10 04:30:27'),(940,0,'Nhiệt độ nước làm mát quá mức cho phép.',272,'2025-03-10 04:30:27','2025-03-10 04:30:27'),(941,0,'Cửa xe đang mở.',272,'2025-03-10 04:30:27','2025-03-10 04:30:27'),(942,0,'5 mét.',268,'2025-03-10 04:30:53','2025-03-10 04:30:53'),(943,0,'10 mét.',268,'2025-03-10 04:30:53','2025-03-10 04:30:53'),(944,0,'15 mét.',268,'2025-03-10 04:30:53','2025-03-10 04:30:53'),(945,1,'20 mét.',268,'2025-03-10 04:30:53','2025-03-10 04:30:53'),(946,0,'Biển 1.',276,'2025-03-10 04:32:00','2025-03-10 04:32:00'),(947,1,'Biển 2 và 3.',276,'2025-03-10 04:32:00','2025-03-10 04:32:00'),(948,0,'Biển 1 và 3.',276,'2025-03-10 04:32:00','2025-03-10 04:32:00'),(949,0,'Cả ba biển.',276,'2025-03-10 04:32:00','2025-03-10 04:32:00'),(950,0,'Biển 1.',277,'2025-03-10 04:32:28','2025-03-10 04:32:28'),(951,1,'Biển 2.',277,'2025-03-10 04:32:28','2025-03-10 04:32:28'),(952,0,'Không biển nào.',277,'2025-03-10 04:32:28','2025-03-10 04:32:28'),(953,1,'Cấm các loại xe có tải trọng toàn bộ trên 10 tấn đi qua.',278,'2025-03-10 04:32:57','2025-03-10 04:32:57'),(954,0,'Hạn chế khối lượng hàng hóa chở trên xe.',278,'2025-03-10 04:32:57','2025-03-10 04:32:57'),(955,0,'Hạn chế tải trọng trên trục xe.',278,'2025-03-10 04:32:57','2025-03-10 04:32:57'),(956,1,'Không được phép.',279,'2025-03-10 04:33:28','2025-03-10 04:33:28'),(957,0,'Được phép.',279,'2025-03-10 04:33:28','2025-03-10 04:33:28'),(958,1,'Biển 1.',280,'2025-03-10 04:34:04','2025-03-10 04:34:04'),(959,0,'Biển 2.',280,'2025-03-10 04:34:04','2025-03-10 04:34:04'),(960,0,'Biển 3.',280,'2025-03-10 04:34:04','2025-03-10 04:34:04'),(961,0,'Biển 1 và 3.',280,'2025-03-10 04:34:04','2025-03-10 04:34:04'),(962,0,'Biển 1.',281,'2025-03-10 04:37:09','2025-03-10 04:37:09'),(963,0,'Biển 2.',281,'2025-03-10 04:37:09','2025-03-10 04:37:09'),(964,1,'Biển 3.',281,'2025-03-10 04:37:09','2025-03-10 04:37:09'),(965,0,'Biển 1.',282,'2025-03-10 04:37:35','2025-03-10 04:37:35'),(966,1,'Biển 2.',282,'2025-03-10 04:37:35','2025-03-10 04:37:35'),(967,0,'Biển 1.',283,'2025-03-10 04:37:58','2025-03-10 04:37:58'),(968,1,'Biển 2.',283,'2025-03-10 04:37:58','2025-03-10 04:37:58'),(969,0,'Biển 1.',284,'2025-03-10 04:39:17','2025-03-10 04:39:17'),(970,1,'Biển 2.',284,'2025-03-10 04:39:17','2025-03-10 04:39:17'),(971,0,'Biển 3.',284,'2025-03-10 04:39:17','2025-03-10 04:39:17'),(972,0,'Chỉ dẫn sắp đến vị trí nhập làn xe.',285,'2025-03-10 04:39:53','2025-03-10 04:39:53'),(973,1,'Chỉ dẫn vị trí nhập làn xe cách 250 m.',285,'2025-03-10 04:39:53','2025-03-10 04:39:53'),(974,0,'Chỉ dẫn vị trí nhập làn cách trạm thu phí 250 m.',285,'2025-03-10 04:39:53','2025-03-10 04:39:53'),(975,0,'Xe tải, xe khách, xe con, mô tô.',286,'2025-03-10 04:47:41','2025-03-10 04:47:41'),(976,1,'Xe tải, mô tô, xe khách, xe con.',286,'2025-03-10 04:47:41','2025-03-10 04:47:41'),(977,0,'Xe khách, xe tải, xe con, mô tô.',286,'2025-03-10 04:47:41','2025-03-10 04:47:41'),(978,0,'Mô tô, xe khách, xe tải, xe con.',286,'2025-03-10 04:47:41','2025-03-10 04:47:41'),(979,1,'Xe tải.',287,'2025-03-10 04:48:19','2025-03-10 04:48:19'),(980,0,'Xe con và mô tô.',287,'2025-03-10 04:48:19','2025-03-10 04:48:19'),(981,0,'Cả ba xe.',287,'2025-03-10 04:48:19','2025-03-10 04:48:19'),(982,0,'Xe con và xe tải.',287,'2025-03-10 04:48:19','2025-03-10 04:48:19'),(983,0,'Chỉ hướng 1.',288,'2025-03-10 04:48:59','2025-03-10 04:48:59'),(984,0,'Hướng 1 và 4.',288,'2025-03-10 04:48:59','2025-03-10 04:48:59'),(985,1,'Hướng 1 và 5.',288,'2025-03-10 04:48:59','2025-03-10 04:48:59'),(986,0,'Hướng 1, 4 và 5.',288,'2025-03-10 04:48:59','2025-03-10 04:48:59'),(987,1,'Xe A.',289,'2025-03-10 04:54:23','2025-03-10 04:54:23'),(988,0,'Xe B.',289,'2025-03-10 04:54:23','2025-03-10 04:54:23'),(989,0,'Xe mô tô.',290,'2025-03-10 04:55:03','2025-03-10 04:55:03'),(990,0,'Xe ô tô con.',290,'2025-03-10 04:55:03','2025-03-10 04:55:03'),(991,0,'Không xe nào vi phạm.',290,'2025-03-10 04:55:03','2025-03-10 04:55:03'),(992,1,'Cả hai xe.',290,'2025-03-10 04:55:03','2025-03-10 04:55:03'),(993,0,'Tăng tốc độ, chuyển sang làn đường bên trái để vượt.',291,'2025-03-10 04:55:30','2025-03-10 04:55:30'),(994,1,'Không được vượt những người đi xe đạp.',291,'2025-03-10 04:55:30','2025-03-10 04:55:30'),(995,0,'Bật đèn chiếu xa, tăng tốc độ vượt xe cùng chiều.',292,'2025-03-10 04:56:11','2025-03-10 04:56:11'),(996,1,'Giữ nguyên đèn chiếu gần, giảm tốc độ, đi sau xe phía trước.',292,'2025-03-10 04:56:11','2025-03-10 04:56:11'),(997,0,'Giữ nguyên đèn chiếu gần, tăng tốc độ vượt xe cùng chiều.',292,'2025-03-10 04:56:11','2025-03-10 04:56:11'),(998,0,'Xe của bạn, mô tô, xe đạp.',293,'2025-03-10 04:56:40','2025-03-10 04:56:40'),(999,0,'Xe mô tô, xe đạp, xe của bạn.',293,'2025-03-10 04:56:40','2025-03-10 04:56:40'),(1000,1,'Xe đạp, xe mô tô, xe của bạn.',293,'2025-03-10 04:56:40','2025-03-10 04:56:40');
/*!40000 ALTER TABLE answer ENABLE KEYS */;
UNLOCK TABLES;

--
-- Table structure for table `category`
--

DROP TABLE IF EXISTS category;
/*!40101 SET @saved_cs_client     = @@character_set_client */;
/*!50503 SET character_set_client = utf8mb4 */;
CREATE TABLE category (
  id int NOT NULL AUTO_INCREMENT,
  `name` varchar(255) DEFAULT NULL,
  createdAt datetime NOT NULL,
  updatedAt datetime NOT NULL,
  PRIMARY KEY (id)
) ENGINE=InnoDB AUTO_INCREMENT=87 DEFAULT CHARSET=utf8mb4 COLLATE=utf8mb4_0900_ai_ci;
/*!40101 SET character_set_client = @saved_cs_client */;

--
-- Dumping data for table `category`
--

LOCK TABLES category WRITE;
/*!40000 ALTER TABLE category DISABLE KEYS */;
INSERT INTO category VALUES (2,'Hạng A2','2024-10-16 08:59:51','2025-04-12 04:21:15'),(3,'Hạng B1','2024-10-16 08:59:51','2025-04-12 04:21:19'),(81,'Hạng A1','2024-12-11 09:40:06','2025-04-12 04:21:11'),(82,'Hạng B2','2024-12-11 09:40:23','2025-04-12 04:21:26');
/*!40000 ALTER TABLE category ENABLE KEYS */;
UNLOCK TABLES;

--
-- Table structure for table `question`
--

DROP TABLE IF EXISTS question;
/*!40101 SET @saved_cs_client     = @@character_set_client */;
/*!50503 SET character_set_client = utf8mb4 */;
CREATE TABLE question (
  id int NOT NULL AUTO_INCREMENT,
  `name` longtext,
  image varchar(255) CHARACTER SET utf8mb3 COLLATE utf8mb3_general_ci DEFAULT NULL,
  failedPoint tinyint(1) NOT NULL,
  quizId int DEFAULT NULL,
  createdAt datetime NOT NULL,
  updatedAt datetime NOT NULL,
  PRIMARY KEY (id),
  KEY fk_question_quiz (quizId),
  CONSTRAINT fk_question_quiz FOREIGN KEY (quizId) REFERENCES quiz (id) ON DELETE CASCADE
) ENGINE=InnoDB AUTO_INCREMENT=299 DEFAULT CHARSET=utf8mb4 COLLATE=utf8mb4_0900_ai_ci;
/*!40101 SET character_set_client = @saved_cs_client */;

--
-- Dumping data for table `question`
--

LOCK TABLES question WRITE;
/*!40000 ALTER TABLE question DISABLE KEYS */;
INSERT INTO question VALUES (161,'Khái niệm “phương tiện giao thông thô sơ đường bộ” được hiểu thế nào là đúng?','',0,66,'2024-10-16 09:14:53','2024-10-16 09:14:53'),(162,'Người điều khiển phương tiện giao thông đường bộ mà trong cơ thể có chất ma tuý có bị nghiêm cấm hay không?','',1,66,'2024-10-16 09:15:31','2024-10-16 09:15:31'),(163,'Bạn đang lái xe phía trước có một xe cảnh sát giao thông không phát tín hiệu ưu tiên bạn có được phép vượt hay không?','',0,66,'2024-10-16 09:16:21','2024-10-16 09:16:21'),(164,'Khi đang lên dốc người ngồi trên xe mô tô có được kéo theo người đang điều khiển xe đạp hay không?','',1,66,'2024-10-16 09:17:09','2024-10-16 09:17:09'),(165,'Biển báo hiệu có dạng tam giác đều, viền đỏ, viền màu vàng, trên có hình vẽ màu đen là loại biển gì dưới đây?','questionImg-1729070280382-580781233.jpg',0,66,'2024-10-16 09:17:42','2024-10-16 09:18:00'),(166,'Trên đường một chiều có vạch kẻ phân làn đường, xe thô sơ và xe cơ giới phải đi như thế nào là đúng quy tắc giao thông?','',0,66,'2024-10-16 09:18:40','2024-10-16 09:18:40'),(167,'Tại nơi đường bộ giao nhau cùng mức với đường sắt chỉ có đèn tín hiệu hoặc chuông báo hiệu, khi đèn tín hiệu màu đỏ đã bật sáng hoặc có tiếng chuông báo hiệu, người tham gia giao thông phải dừng lại ngay và giữ khoảng cách tối thiểu bao nhiêu mét tính từ ray gần nhất?','',0,66,'2024-10-16 09:20:25','2024-10-16 09:23:42'),(168,'Khi điều khiển xe cơ giới, người lái xe phải bật đèn tín hiệu báo rẽ trong trường hợp nào sau đây?','',0,66,'2024-10-16 09:24:24','2024-10-16 09:24:24'),(169,'Trên đường bộ (trừ đường cao tốc) trong khu vực đông dân cư, đường hai chiều hoặc đường một chiều có một làn xe cơ giới, loại xe nào dưới đây được tham gia giao thông với tốc độ tối đa cho phép là 50 km/h?','',0,66,'2024-10-16 09:25:03','2024-10-16 09:25:03'),(170,'Tại nơi giao nhau, khi đèn điều khiển giao thông có tín hiệu màu vàng, người điều khiển giao thông phải chấp hành như thế nào là đúng quy tắc giao thông?','',0,66,'2024-10-16 09:25:53','2024-10-16 09:25:53'),(171,'Trên đường đang xảy ra ùn tắc những hành vi nào sau đây là thiếu văn hóa khi tham gia giao thông?','',0,66,'2024-10-16 09:26:34','2024-10-16 09:26:34'),(172,'Khi điều khiển xe mô tô quay đầu người lái xe cần thực hiện như thế nào để đảm bảo an toàn?','',0,66,'2024-10-16 09:27:11','2024-10-16 09:27:11'),(173,' Biển nào cấm quay đầu xe?','questionImg-1729070888032-41929513.jpg',0,66,'2024-10-16 09:28:08','2024-10-16 09:28:08'),(174,'Biển nào là biển “Cấm đi ngược chiều”?','questionImg-1729070929372-816475071.jpg',0,66,'2024-10-16 09:28:49','2024-10-16 09:28:49'),(175,' Biển nào xe mô tô hai bánh được đi vào?','questionImg-1729070976723-750028385.jpg',0,66,'2024-10-16 09:29:36','2024-10-16 09:29:36'),(176,'Biển nào báo hiệu nguy hiểm giao nhau với đường sắt?','questionImg-1729071033947-827388854.jpg',0,66,'2024-10-16 09:30:33','2024-10-16 09:30:33'),(177,'Khi gặp biển nào, người lái xe phải giảm tốc độ, chú ý xe đi ngược chiều, xe đi ở phía đường bị hẹp phải nhường đường cho xe đi ngược chiều?','questionImg-1729071095387-216288822.jpg',0,66,'2024-10-16 09:31:35','2024-10-16 09:31:35'),(178,'Gặp biển nào người tham gia giao thông phải đi chậm và thận trọng đề phòng khả năng xuất hiện và di chuyển bất ngờ của trẻ em trên mặt đường?','questionImg-1729071134728-515060711.jpg',0,66,'2024-10-16 09:32:14','2024-10-16 09:32:14'),(179,'Trong các biển dưới đây biển nào là biển “Hết hạn chế tốc độ tối thiểu” ?','questionImg-1729071177398-546071082.jpg',0,66,'2024-10-16 09:32:57','2024-10-16 09:32:57'),(180,'Vạch kẻ đường nào dưới đây là vạch phân chia các làn xe cùng chiều?','questionImg-1729071235546-963911414.jpg',0,66,'2024-10-16 09:33:55','2024-10-16 09:33:55'),(181,'Trường hợp này xe nào được quyền đi trước?','questionImg-1729071276754-33151085.jpg',0,66,'2024-10-16 09:34:36','2024-10-16 09:34:36'),(182,'Xe nào đỗ vi phạm quy tắc giao thông?','questionImg-1729071329116-641012472.jpg',0,66,'2024-10-16 09:35:29','2024-10-16 09:35:29'),(183,'Trong hình dưới đây, xe nào chấp hành đúng quy tắc giao thông?','questionImg-1729071373241-862379842.jpg',0,66,'2024-10-16 09:36:13','2024-10-16 09:36:13'),(184,'Các xe đi theo hướng mũi tên, xe nào vi phạm quy tắc giao thông?','questionImg-1729071417396-131848019.jpg',0,66,'2024-10-16 09:36:57','2024-10-16 09:36:57'),(185,'Trong tình huống dưới đây, xe đầu kéo kéo rơ moóc (xe container) đang rẽ phải, xe con màu xanh và xe máy phía sau xe container đi như thế nào để đảm bảo an toàn?','questionImg-1729071460340-75260273.jpg',0,66,'2024-10-16 09:37:40','2024-10-16 09:37:40'),(186,'Hành vi đưa xe cơ giới, xe máy chuyên dùng không bảo đảm tiêu chuẩn an toàn kỹ thuật và bảo vệ môi trường vào tham gia giao thông đường bộ có bị nghiêm cấm hay không?','',0,67,'2024-10-16 09:47:04','2024-10-16 09:47:04'),(187,'Người lái xe không được vượt xe khác khi gặp trường hợp nào ghi ở dưới đây?','',1,67,'2024-10-16 09:47:47','2024-12-06 04:51:12'),(188,'Người đủ 16 tuổi được điều khiển các loại xe nào dưới đây?','',0,67,'2024-10-16 09:48:34','2024-10-16 09:48:34'),(189,'Bạn đang lái xe trong khu vực đô thị từ 22 giờ đến 5 giờ sáng hôm sau và cần vượt một xe khác, bạn cần báo hiệu như thế nào để đảm bảo an toàn giao thông?','',0,67,'2024-10-16 09:49:24','2024-10-16 09:49:24'),(190,'Người điều khiển xe mô tô hai bánh, xe gắn máy không được thực hiện những hành vi nào dưới đây?','',0,67,'2024-10-16 09:50:43','2024-10-16 09:50:43'),(191,'Trên đường bộ ngoài khu vực đông dân cư, đường đôi có dải phân cách giữa (trừ đường cao tốc), loại xe nào dưới đây tham gia giao thông với tốc độ tối đa cho phép là 70 km/h?','',0,67,'2024-10-16 09:53:09','2024-10-16 09:53:09'),(192,'Tại nơi đường giao nhau, người lái xe đang đi trên đường không ưu tiên phải xử lý như thế nào là đúng quy tắc giao thông?','',0,67,'2024-10-16 09:53:50','2024-10-16 09:53:50'),(193,'Khái niệm về văn hóa giao thông được hiểu như thế nào là đúng?','',0,67,'2024-10-16 09:54:20','2024-10-16 09:54:20'),(194,'Khi quay đầu xe, người lái xe cần phải quan sát và thực hiện các thao tác nào để đảm bảo an toàn giao thông?','',0,67,'2024-10-16 09:54:49','2024-10-16 09:56:46'),(195,'Xe mô tô và xe ô tô tham gia giao thông trên đường bộ phải bắt buộc có đủ bộ phận giảm thanh không?','',0,67,'2024-10-16 09:57:37','2024-10-16 09:57:37'),(196,'Biển nào cấm quay đầu xe?','questionImg-1729072718651-606378339.jpg',0,67,'2024-10-16 09:58:38','2024-10-16 09:58:38'),(197,'Biển nào là biển “Cấm xe chở hàng nguy hiểm”?','questionImg-1729072751459-377509655.jpg',0,67,'2024-10-16 09:59:11','2024-10-16 09:59:11'),(198,' Biển nào xe mô tô hai bánh được đi vào?','questionImg-1729072791947-245934101.jpg',0,67,'2024-10-16 09:59:51','2024-10-16 09:59:51'),(199,'Gặp biển nào người lái xe phải nhường đường cho người đi bộ?','questionImg-1729072832548-935557567.jpg',0,67,'2024-10-16 10:00:32','2024-10-16 10:00:32'),(200,'Khi gặp biển nào, người lái xe phải giảm tốc độ, chú ý xe đi ngược chiều, xe đi ở phía đường bị hẹp phải nhường đường cho xe đi ngược chiều?','questionImg-1729072877002-177713631.jpg',0,67,'2024-10-16 10:01:17','2024-10-16 10:01:17'),(201,'Biển nào dưới đây là biển “Kè, vực sâu phía trước”?','questionImg-1729072916668-366581156.jpg',0,67,'2024-10-16 10:01:56','2024-10-16 10:01:56'),(202,'Biển báo này có ý nghĩa gì?','questionImg-1729072958041-916064453.jpg',0,67,'2024-10-16 10:02:38','2024-10-16 10:02:38'),(203,'Trong các biển dưới đây biển nào là biển “Hết mọi lệnh cấm”?','questionImg-1729072998537-371505011.jpg',0,67,'2024-10-16 10:03:18','2024-10-16 10:03:18'),(204,'Biển nào báo hiệu “Cầu vượt liên thông”?','questionImg-1729073044457-573569793.jpg',0,67,'2024-10-16 10:04:04','2024-10-16 10:04:04'),(205,'Vạch kẻ đường nào dưới đây là vạch phân chia hai chiều xe chạy (vạch tim đường), xe không được lấn làn, không được đè lên vạch?','questionImg-1729073087483-323481515.jpg',0,67,'2024-10-16 10:04:47','2024-10-16 10:04:47'),(206,'Trong trường hợp này xe nào được quyền đi trước?','questionImg-1729073129196-626472041.jpg',0,67,'2024-10-16 10:05:29','2024-10-16 10:05:29'),(207,'Các xe đi như thế nào là đúng quy tắc giao thông?','questionImg-1729073171814-984795339.jpg',0,67,'2024-10-16 10:06:11','2024-10-16 10:06:11'),(208,'Trong hình dưới, những xe nào vi phạm quy tắc giao thông?','questionImg-1729073215310-524291140.jpg',0,67,'2024-10-16 10:06:55','2024-10-16 10:06:55'),(209,'Xe của bạn được đi theo hướng nào trong trường hợp này?','questionImg-1729073264632-117692040.jpg',0,67,'2024-10-16 10:07:44','2024-10-16 10:07:44'),(210,'Trong tình huống dưới đây, xe con màu đỏ nhập làn đường cao tốc theo hướng mũi tên là đúng hay sai?','questionImg-1729073292533-726271168.jpg',0,67,'2024-10-16 10:08:12','2024-10-16 10:08:12'),(232,'Phần của đường bộ được sử dụng cho các phương tiện giao thông qua lại là gì?','',0,100,'2024-12-16 08:39:11','2024-12-16 08:39:11'),(233,'“Phương tiện tham gia giao thông đường bộ” gồm những loại nào?','',0,100,'2024-12-16 08:39:33','2024-12-16 08:41:09'),(234,'Sử dụng rượu bia khi lái xe, nếu bị phát hiện thì bị xử lý như thế nào?','questionImg-1734338452006-906147469.jpg',1,100,'2024-12-16 08:39:53','2024-12-16 08:41:12'),(235,'Bạn đang lái xe phía trước có một xe cứu thương đang phát tín hiệu ưu tiên bạn có được phép vượt hay không?','',0,100,'2024-12-16 08:40:19','2024-12-16 08:41:16'),(236,'Hành vi sử dụng xe mô tô để kéo, đẩy xe mô tô khác bị hết xăng đến trạm mua xăng có được phép hay không?','questionImg-1734338510252-444739817.jpg',1,100,'2024-12-16 08:41:38','2024-12-16 08:41:50'),(237,'Biển báo hiệu hình tròn có nền xanh lam có hình vẽ màu trắng là loại biển gì dưới đây?','questionImg-1734338554611-456524001.jpg',0,100,'2024-12-16 08:42:34','2024-12-16 08:42:34'),(238,'Bạn đang lái xe trong khu vực đô thị từ 22 giờ đến 5 giờ sáng hôm sau và cần vượt một xe khác, bạn cần báo hiệu như thế nào để đảm bảo an toàn giao thông?','',0,100,'2024-12-16 08:43:08','2024-12-16 08:43:08'),(239,'Người điều khiển phương tiện tham gia giao thông trong hầm đường bộ ngoài việc phải tuân thủ các quy tắc giao thông còn phải thực hiện những quy định nào dưới đây?','',0,100,'2024-12-16 08:43:28','2024-12-16 08:43:28'),(240,'Trên đoạn đường hai chiều không có giải phân cách giữa, người lái xe không được vượt xe khác trong các trường hợp nào dưới đây?','',0,100,'2024-12-16 08:43:52','2024-12-16 08:43:52'),(241,'Khi điều khiển xe chạy với tốc độ dưới 60 km/h, để đảm bảo khoảng cách an toàn giữa hai xe, người lái xe phải điều khiển xe như thế nào?','',0,100,'2024-12-16 08:44:32','2024-12-16 08:44:32'),(242,'Để báo hiệu cho xe phía trước biết xe mô tô của bạn muốn vượt, bạn phải có tín hiệu như thế nào dưới đây?','',0,100,'2024-12-16 08:44:51','2024-12-16 08:44:51'),(243,'Khi điều khiển xe mô tô tay ga xuống đường dốc dài, độ dốc cao, người lái xe cần thực hiện các thao tác nào dưới đây để đảm bảo an toàn?','questionImg-1734338724204-939518447.jpg',1,100,'2024-12-16 08:45:24','2024-12-16 08:45:24'),(244,'Tay ga trên xe mô tô hai bánh có tác dụng gì trong các trường hợp dưới đây?','',0,100,'2024-12-16 08:45:55','2024-12-16 08:45:55'),(245,'Biển nào cấm xe rẽ trái?','questionImg-1734338781346-780335100.jpg',0,100,'2024-12-16 08:46:21','2024-12-16 08:46:21'),(246,'Biển nào dưới đây các phương tiện không được phép đi vào?','questionImg-1734338809521-647267648.jpg',0,100,'2024-12-16 08:46:49','2024-12-16 08:46:49'),(247,'Biển nào xe mô tô hai bánh không được đi vào?','questionImg-1734338838710-845365849.jpg',0,100,'2024-12-16 08:47:18','2024-12-16 08:47:18'),(248,'Biển nào báo hiệu nguy hiểm giao nhau với đường sắt?','questionImg-1734338870145-191426790.jpg',0,100,'2024-12-16 08:47:50','2024-12-16 08:47:50'),(249,'Biển nào báo hiệu “Đường giao nhau” của các tuyến đường cùng cấp?','questionImg-1734338891561-579744993.jpg',0,100,'2024-12-16 08:48:11','2024-12-16 08:48:11'),(250,'Biển nào chỉ dẫn nơi bắt đầu đoạn đường dành cho người đi bộ?','questionImg-1734338919299-789202504.jpg',0,100,'2024-12-16 08:48:39','2024-12-16 08:48:39'),(251,'Biển nào dưới đây báo hiệu hết cấm vượt?','questionImg-1734338944692-233149218.jpg',0,100,'2024-12-16 08:49:04','2024-12-16 08:49:04'),(252,'Vạch kẻ đường nào dưới đây là vạch phân chia hai chiều xe chạy (vạch tim đường), xe không được lấn làn, không được đè lên vạch?','questionImg-1734338975496-752211951.jpg',0,100,'2024-12-16 08:49:35','2024-12-16 08:49:35'),(253,'Xe nào được quyền đi trước trong trường hợp này?','questionImg-1734339002482-458892173.jpg',0,100,'2024-12-16 08:50:02','2024-12-16 08:50:02'),(254,'Xe tải kéo mô tô ba bánh như hình này có đúng quy tắc giao thông không?','questionImg-1734339024808-585893527.jpg',0,100,'2024-12-16 08:50:24','2024-12-16 08:50:24'),(255,'Theo hướng mũi tên, những hướng nào xe mô tô được phép đi?','questionImg-1734339103144-51905027.jpg',0,100,'2024-12-16 08:51:43','2024-12-16 08:51:43'),(256,'Các xe đi theo hướng mũi tên, xe nào vi phạm quy tắc giao thông?','questionImg-1734339126488-924629861.jpg',0,100,'2024-12-16 08:52:06','2024-12-16 08:52:06'),(259,'Phần của đường bộ được sử dụng cho các phương tiện giao thông qua lại là gì?','',0,101,'2025-03-10 04:15:48','2025-03-10 04:15:48'),(260,'\"Cuộc đua xe chỉ được thực hiện khi nào?\"','',1,101,'2025-03-10 04:16:28','2025-03-10 04:30:11'),(261,'Ở phần đường dành cho người đi bộ qua đường, trên cầu, đầu cầu, đường cao tốc, đường hẹp, đường dốc, tại nơi đường bộ giao nhau cùng mức với đường sắt có được quay đầu xe hay không?','',1,101,'2025-03-10 04:16:51','2025-03-10 04:16:51'),(262,'Người đủ bao nhiêu tuổi trở lên thì được điều khiển xe mô tô hai bánh, xe mô tô ba bánh có dung tích xi lanh từ 50 cm3 trở lên và các loại xe có kết cấu tương tự; xe ô tô tải, máy kéo có trọng tải dưới 3,5 tấn; xe ô tô chở người đến 9 chỗ ngồi?','',0,101,'2025-03-10 04:17:24','2025-03-10 04:17:24'),(263,'Biển báo hiệu có dạng tam giác đều, viền đỏ, viền màu vàng, trên có hình vẽ màu đen là loại biển gì dưới đây?','questionImg-1741581020312-834694326.jpg',0,101,'2025-03-10 04:18:13','2025-03-10 04:30:20'),(264,'Người lái xe phải làm gì khi quay đầu xe trên cầu, đường ngầm hay khu vực đường bộ giao nhau cùng mức với đường sắt?','',1,101,'2025-03-10 04:18:40','2025-03-10 04:18:40'),(265,'Người ngồi trên xe mô tô 2 bánh, xe gắn máy phải đội mũ bảo hiểm có cài quai đúng quy cách khi nào?','',1,101,'2025-03-10 04:19:06','2025-03-10 04:19:06'),(266,'Trên đường bộ (trừ đường cao tốc) trong khu vực đông dân cư, đường hai chiều hoặc đường một chiều có một làn xe cơ giới, loại xe nào dưới đây được tham gia giao thông với tốc độ tối đa cho phép là 50 km/h?','',0,101,'2025-03-10 04:19:26','2025-03-10 04:19:26'),(267,'Trên đoạn đường bộ giao nhau đồng mức với đường sắt, người không có nhiệm vụ có được tự ý mở chắn đường ngang khi chắn đã đóng hay không?','',0,101,'2025-03-10 04:19:46','2025-03-10 04:19:46'),(268,'Khi dừng, đỗ xe trên đường phố hẹp, người lái xe ô tô phải dừng, đỗ xe ở vị trí cách xe ô tô đang đỗ bên kia đường khoảng cách tối thiểu là bao nhiêu mét trong các trường hợp dưới đây để đảm bảo an toàn giao thông?','',0,101,'2025-03-10 04:20:18','2025-03-10 04:30:53'),(269,'Người nhận hàng có các quyền gì dưới đây?','',0,101,'2025-03-10 04:20:46','2025-03-10 04:20:46'),(270,'Người lái xe cố tình không phân biệt làn đường, vạch phân làn, phóng nhanh, vượt ẩu, vượt đèn đỏ, đi vào đường cấm, đường một chiều được coi là hành vi nào trong các hành vi dưới đây?','',0,101,'2025-03-10 04:21:07','2025-03-10 04:21:07'),(271,'Khi khởi hành ô tô sử dụng hộp số cơ khí trên đường bằng, người lái xe cần thực hiện các thao tác nào theo trình tự dưới đây?','',0,101,'2025-03-10 04:21:26','2025-03-10 04:21:26'),(272,'Khi động cơ ô tô đã khởi động, bảng đồng hồ xuất hiện ký hiệu như hình vẽ dưới đây, báo hiệu tình trạng như thế nào của xe ô tô?','questionImg-1741581027153-753717720.jpg',0,101,'2025-03-10 04:22:03','2025-03-10 04:30:27'),(273,'Điều khiển xe ô tô trong trời mưa, người lái xe phải xử lý như thế nào để đảm bảo an toàn?','',0,101,'2025-03-10 04:22:28','2025-03-10 04:22:28'),(274,'Xe ô tô tham gia giao thông đường bộ phải bảo đảm các quy định về chất lượng, an toàn kỹ thuật và bảo vệ môi trường nào ghi dưới đây?','',0,101,'2025-03-10 04:22:50','2025-03-10 04:22:50'),(275,'Hãy nêu công dụng hệ thống lái của xe ô tô?','',0,101,'2025-03-10 04:23:10','2025-03-10 04:23:10'),(276,'Biển nào cấm máy kéo?\r\n','questionImg-1741581120962-211685674.jpg',0,101,'2025-03-10 04:32:00','2025-03-10 04:32:00'),(277,'Biển nào cấm xe taxi mà không cấm các phương tiện khác?','questionImg-1741581148574-147848466.jpg',0,101,'2025-03-10 04:32:28','2025-03-10 04:32:28'),(278,'Biển số 3 có ý nghĩa như thế nào?\r\n','questionImg-1741581177484-655561293.jpg',0,101,'2025-03-10 04:32:57','2025-03-10 04:32:57'),(279,'Xe ô tô chở hàng vượt quá phía trước và sau thùng xe, mỗi phía quá 10% chiều dài toàn bộ thân xe, tổng chiều dài xe (cả hàng) từ trước đến sau nhỏ hơn trị số ghi trên biển thì có được phép đi vào không?','questionImg-1741581208954-436539761.jpg',0,101,'2025-03-10 04:33:28','2025-03-10 04:33:28'),(280,'Biển nào báo hiệu sắp đến chỗ giao nhau giữa đường bộ và đường sắt?','questionImg-1741581244600-108866909.jpg',0,101,'2025-03-10 04:34:04','2025-03-10 04:34:04'),(281,'Biển nào báo hiệu “Đường đôi”?\r\n','questionImg-1741581429884-303506878.jpg',0,101,'2025-03-10 04:37:09','2025-03-10 04:37:09'),(282,'Gặp biển nào người tham gia giao thông phải đi chậm và thận trọng đề phòng khả năng xuất hiện và di chuyển bất ngờ của trẻ em trên mặt đường?','questionImg-1741581454994-623221611.jpg',0,101,'2025-03-10 04:37:34','2025-03-10 04:37:34'),(283,'Biển nào báo hiệu “Hết đường dành cho ô tô”?\r\n','questionImg-1741581478345-256623337.jpg',0,101,'2025-03-10 04:37:58','2025-03-10 04:37:58'),(284,'Biển nào báo hiệu “Đường phía trước có làn đường dành cho ô tô khách”?','questionImg-1741581557151-348686281.jpg',0,101,'2025-03-10 04:39:17','2025-03-10 04:39:17'),(285,'Biển này có ý nghĩa gì?','questionImg-1741581593905-379094777.jpg',0,101,'2025-03-10 04:39:53','2025-03-10 04:39:53'),(286,'Thứ tự các xe đi như thế nào là đúng quy tắc giao thông?\r\n','questionImg-1741582061603-135924709.jpg',0,101,'2025-03-10 04:47:41','2025-03-10 04:47:41'),(287,'Trong trường hợp này xe nào đỗ vi phạm quy tắc giao thông?','questionImg-1741582099336-653149592.jpg',0,101,'2025-03-10 04:48:19','2025-03-10 04:48:19'),(288,'Những hướng nào ô tô tải được phép đi?','questionImg-1741582139116-211023057.jpg',0,101,'2025-03-10 04:48:59','2025-03-10 04:48:59'),(289,'Xe nào phải nhường đường là đúng quy tắc giao thông?','questionImg-1741582463160-53753091.jpg',0,101,'2025-03-10 04:54:23','2025-03-10 04:54:23'),(290,'Theo tín hiệu đèn của xe cơ giới, xe nào vi phạm quy tắc giao thông?','questionImg-1741582502988-659958670.jpg',0,101,'2025-03-10 04:55:02','2025-03-10 04:55:02'),(291,'Bạn xử lý như thế nào khi lái xe ô tô vượt qua đoàn người đi xe đạp có tổ chức?','questionImg-1741582530903-263534653.jpg',0,101,'2025-03-10 04:55:30','2025-03-10 04:55:30'),(292,'Khi gặp xe ngược chiều bật đèn pha trong tình huống dưới đây, bạn xử lý như thế nào?','questionImg-1741582571494-591736017.jpg',0,101,'2025-03-10 04:56:11','2025-03-10 04:56:11'),(293,'Các xe đi theo thứ tự nào là đúng quy tắc giao thông đường bộ?','questionImg-1741582600387-514980953.jpg',0,101,'2025-03-10 04:56:40','2025-03-10 04:56:40');
/*!40000 ALTER TABLE question ENABLE KEYS */;
UNLOCK TABLES;

--
-- Table structure for table `quiz`
--

DROP TABLE IF EXISTS quiz;
/*!40101 SET @saved_cs_client     = @@character_set_client */;
/*!50503 SET character_set_client = utf8mb4 */;
CREATE TABLE quiz (
  id int NOT NULL AUTO_INCREMENT,
  `name` varchar(255) DEFAULT NULL,
  categoryId int DEFAULT NULL,
  `time` int DEFAULT NULL,
  numOfCorrect int DEFAULT NULL,
  createdAt datetime NOT NULL,
  updatedAt datetime NOT NULL,
  PRIMARY KEY (id)
) ENGINE=InnoDB AUTO_INCREMENT=106 DEFAULT CHARSET=utf8mb4 COLLATE=utf8mb4_0900_ai_ci;
/*!40101 SET character_set_client = @saved_cs_client */;

--
-- Dumping data for table `quiz`
--

LOCK TABLES quiz WRITE;
/*!40000 ALTER TABLE quiz DISABLE KEYS */;
INSERT INTO quiz VALUES (66,'Đề thi 2 - A1',81,19,21,'2024-10-16 08:59:51','2025-04-12 04:09:15'),(67,'Đề thi 1 - A2',2,19,23,'2024-10-16 09:44:57','2024-12-16 08:38:19'),(100,'Đề thi 1 - A1',81,19,21,'2024-12-16 08:37:44','2024-12-16 08:38:11'),(101,'Đề thi 1 - B2',82,22,32,'2025-03-10 04:14:59','2025-03-10 04:14:59');
/*!40000 ALTER TABLE quiz ENABLE KEYS */;
UNLOCK TABLES;

--
-- Table structure for table `sequelizemeta`
--

DROP TABLE IF EXISTS sequelizemeta;
/*!40101 SET @saved_cs_client     = @@character_set_client */;
/*!50503 SET character_set_client = utf8mb4 */;
CREATE TABLE sequelizemeta (
  `name` varchar(255) COLLATE utf8mb3_unicode_ci NOT NULL,
  PRIMARY KEY (`name`),
  UNIQUE KEY `name` (`name`)
) ENGINE=InnoDB DEFAULT CHARSET=utf8mb3 COLLATE=utf8mb3_unicode_ci;
/*!40101 SET character_set_client = @saved_cs_client */;

--
-- Dumping data for table `sequelizemeta`
--

LOCK TABLES sequelizemeta WRITE;
/*!40000 ALTER TABLE sequelizemeta DISABLE KEYS */;
INSERT INTO sequelizemeta VALUES ('20240913054619-create-user.js'),('20240913062028-create-answer copy.js'),('20240913062028-create-answer.js'),('20240913062028-create-question copy.js'),('20240913062028-create-question.js'),('20240913062028-create-quiz copy.js'),('20240913062028-create-quiz.js'),('20240913062028-create-user.js');
/*!40000 ALTER TABLE sequelizemeta ENABLE KEYS */;
UNLOCK TABLES;
/*!40103 SET TIME_ZONE=@OLD_TIME_ZONE */;

/*!40101 SET SQL_MODE=@OLD_SQL_MODE */;
/*!40014 SET FOREIGN_KEY_CHECKS=@OLD_FOREIGN_KEY_CHECKS */;
/*!40014 SET UNIQUE_CHECKS=@OLD_UNIQUE_CHECKS */;
/*!40101 SET CHARACTER_SET_CLIENT=@OLD_CHARACTER_SET_CLIENT */;
/*!40101 SET CHARACTER_SET_RESULTS=@OLD_CHARACTER_SET_RESULTS */;
/*!40101 SET COLLATION_CONNECTION=@OLD_COLLATION_CONNECTION */;
/*!40111 SET SQL_NOTES=@OLD_SQL_NOTES */;

-- Dump completed on 2025-04-12 12:52:43
